residue,score
1,0.0
2,0.0
3,0.0
4,0.0
5,0.0
6,0.0
7,0.0
8,0.0
9,0.0
10,0.0
11,0.0
12,0.0
13,0.0
14,0.0
15,0.0
16,0.0
17,0.0
18,0.0
19,0.0
20,0.0
21,0.0
22,0.0
23,0.0
24,0.0
25,0.0
26,0.0
27,0.0
28,0.0
29,0.0
30,0.0
31,0.0
32,0.0
33,0.0
34,0.09941195069582606
35,0.0
36,0.31306529196532085
37,1.8478847353432764
38,1.2164919952656195
39,0.7633851243928897
40,0.5344882891726274
41,0.2140228146000562
42,0.5893573703924394
43,1.1119969495212136
44,1.4119306260633357
45,2.9086390483130313
46,3.68859287332556
47,3.3264158915414064
48,3.637110452377107
49,3.0282273074751482
50,2.9657463058355544
51,3.3346769537320378
52,2.343513828778344
53,2.4872303342855746
54,3.4135769165761776
55,0.1444338204760939
56,0.0
57,0.6936655929085791
58,1.008669319213679
59,0.10889226494085905
60,0.6841796668435034
61,0.05304288678465934
62,0.05180223665814659
63,0.0
64,0.0
65,0.0
66,0.0
67,0.0
68,0.0
69,0.0
70,0.0
71,0.0
72,0.0
73,0.0
74,0.0
75,0.09035460854351861
76,0.33702962044154544
77,0.028459874114405398
78,0.03907219407541063
79,0.17528144044227184
80,0.18053543404248756
81,0.0
82,0.14445909956046718
83,0.0
84,0.0
85,0.0
86,0.0
87,0.0
88,0.0
89,0.0
90,0.0
91,0.0
92,0.0
93,0.0
94,0.05245510999433339
95,0.4422577581021232
96,1.4998678873862625
97,0.9960773089648323
98,2.59663695688133
99,0.2939041980175281
100,0.2911549568472582
101,0.12213220595404488
102,0.04257874608922069
103,0.03622446718349241
104,0.0
105,0.0
106,0.0
107,0.0
108,0.0
109,0.0
110,0.0
111,0.0
112,0.0
113,0.0
114,0.0
115,0.0
116,0.0
117,0.0
118,0.0
119,0.0
120,0.0
121,0.0
122,0.0
123,0.0
124,0.0
125,0.0
126,0.0
127,0.0
128,0.0
129,0.0
130,0.0
131,0.0
132,0.0
133,0.0
134,0.0
135,0.0
136,0.0
137,0.0
138,0.0
139,0.0
140,0.0
141,0.0
142,0.0
143,0.0
144,0.0
145,0.0
146,0.0
147,0.0
148,0.0
149,0.0
150,0.0
151,0.0
152,0.0
153,0.0
154,0.0
155,0.0
156,0.0
157,0.0
158,0.0
159,0.0
160,0.0
161,0.0
162,0.0
163,0.0
164,0.0
165,0.0
166,0.0
167,0.0
168,0.0
169,0.0
170,0.0
171,0.0
172,0.0
173,0.0
174,0.0
175,0.0
176,0.023447377532506697
177,0.0
178,0.0
179,0.0
180,0.0
181,0.0
182,0.03408254125770493
183,0.9098967086912777
184,0.789331049476373
185,1.4947971097391082
186,0.325992722964765
187,0.4718346935133393
188,0.0
189,0.0
190,0.0
191,0.0
192,0.0
193,0.0
194,0.0
195,0.0
